Nicole Miller,171
Christina Lowe,172
Angela Smith,200
Cody Robinson,186
Matthew Martinez,187
Anna Farrell,200
Emily Hunter,160
Anthony Hampton,178
Stephanie Duke,193
Christopher Tran,196
Steven Bryan,179
Carrie Lee,189
Kyle Padilla,189
Mary Smith,185
Steve Maldonado,188
Anthony Cannon,172
Ryan Tran,169
Mr. Joseph Watson,167
Cassandra Sandoval,197
Curtis Knight,166
Thomas Wagner,175
Albert Bullock,182
Dr. Karen Hernandez,194
Terrance Jackson,195
James Osborn,200
Shannon Medina,168
Michael Ruiz,198
Lucas Nelson,169
Tammy Tucker,179
Kenneth George,163
Andrew Jones,185
Anthony Armstrong,168
Edgar Taylor,193
Kevin May,174
Elizabeth Harris,163
Brett Ellis,161
Mary Lewis,198
Maria Keith,170
David Johns,180
Christina Campbell,196
John Goodman,176
Jason Juarez,178
Michelle Evans,177
Linda Li,188
John Harmon,192
Michael Obrien,185
Whitney Lucero,169
Robert Patterson,175
Jill Mosley,174
Louis Cook,173
Ryan Bailey,174
Vanessa Garrett,176
James Castillo,200
David Smith,198
Ronnie Black,200
Mindy Brown,197
Victor Scott,177
Tonya Goodman,177
Bradley Wood,191
Michael Boyd,173
Alexander Carson,172
Christopher Powers,187
Matthew Washington,196
Ana Snow,166
Matthew Dorsey,180
Hunter Knight,185
Sydney Bailey,196
Abigail Hernandez,175
Michael Vasquez,191
Mary Stevens,175
Denise Potter,180
Thomas Bright,173
Margaret Mejia,171
Jessica Howard,169
Hayley Rosario,178
Nicole Nguyen,191
Mrs. Sara Holt DDS,184
Ryan Reed,188
Kimberly Carlson,166
Crystal Benson,187
Michael Shelton,193
Sheila Vargas,184
Kelly Scott,174
Wendy Greene,174
Stephanie Davis,198
Susan Velazquez,162
Julia Novak MD,165
Robert Ochoa,200
Mr. Kevin Hernandez DDS,181
Melissa Cohen,189
Jason Acosta,164
James Ferguson,179
Susan Powell,170
Melissa Reese,185
Kelly Flores,175
Zachary Shaffer,188
Joshua Gross,169
Daniel Thompson,164
Steven Smith,198
Cindy Kelley,194
shofyan,178
adi,160